{"mae": 0.03394460337913561, "mse": 0.0028539298319154834, "r2": 0.7209126491933504}