{"mae": 0.042078263774364584, "mse": 0.005149923185333553, "r2": 0.49638621013754225}