{"mae": 0.0275644619534122, "mse": 0.0017321318536863658, "r2": 0.8306138837447581}