{"mae": 0.042947740602267796, "mse": 0.0053959484650332335, "r2": 0.5006321886106196}