{"mae": 0.034173534799432526, "mse": 0.0028778867001539154, "r2": 0.7336661029668274}